{"cameraMode":{"drawMode":0,"name":"Shaded","section":"Shading Mode"},"sceneLighting":false,"audioPlay":false,"sceneViewState":{"m_AlwaysRefresh":false,"showFog":true,"showSkybox":false,"showFlares":true,"showImageEffects":true,"showParticleSystems":true,"showVisualEffectGraphs":true,"m_FxEnabled":true},"in2DMode":false,"pivot":{"x":0.2527121603488922,"y":-0.9506826400756836,"z":0.029836177825927736},"rotation":{"x":-0.1896502673625946,"y":-0.006777602713555098,"z":0.0013095949543640018,"w":-0.9818316698074341},"size":1.7194615602493287,"orthographic":false}