{"cameraMode":{"drawMode":0,"name":"Shaded","section":"Shading Mode"},"sceneLighting":false,"audioPlay":false,"sceneViewState":{"m_AlwaysRefresh":false,"showFog":true,"showSkybox":false,"showFlares":true,"showImageEffects":true,"showParticleSystems":true,"showVisualEffectGraphs":true,"m_FxEnabled":true},"in2DMode":false,"pivot":{"x":-0.06892573833465576,"y":-0.8613667488098145,"z":-0.006768465042114258},"rotation":{"x":-0.1675165444612503,"y":-0.0008901453693397343,"z":0.00015130922838579863,"w":-0.9858716726303101},"size":1.7288914918899537,"orthographic":false}