{"cameraMode":{"drawMode":0,"name":"Shaded","section":"Shading Mode"},"sceneLighting":false,"audioPlay":false,"sceneViewState":{"m_AlwaysRefresh":false,"showFog":true,"showSkybox":false,"showFlares":true,"showImageEffects":true,"showParticleSystems":true,"showVisualEffectGraphs":true,"m_FxEnabled":true},"in2DMode":false,"pivot":{"x":-0.06892573833465576,"y":-0.8613667488098145,"z":-0.006768465042114258},"rotation":{"x":-0.1896502673625946,"y":-0.006777602713555098,"z":0.0013095949543640018,"w":-0.9818316698074341},"size":1.7288914918899537,"orthographic":false}